manager,team_name,found_year,coach,owner,color1,color2,teamid,stadiumid
Angil Anan,Bears,1927,Wyatt Cheater,Loree Grouen,Aquamarine,Indigo,1,500
Consalve Cours,Bisons,1987,Zia Klaus,Leroy Buncom,Khaki,Puce,2,499
Jo Longland,Dodgers,1966,Noni Billitteri,Mathew Kach,Aquamarine,Red,3,498
Laney Wesker,Bears,1985,Rubia Twitching,Rachele Dury,Goldenrod,Teal,4,497
Eulalie Fitzsymon,Rays,2010,Say Merriment,Edgardo Troubridge,Indigo,Yellow,5,496
Marlo Clell,Dragons,1923,Adrian Rorke,Elnar Freeman,Green,Indigo,6,495
Joshua Crosse,Rays,1942,Elna Midlar,Jillane Biffin,Orange,Pink,7,494
Thane Siseland,Pirates,1973,Mikel Wenger,Brear Hamblington,Purple,Khaki,8,493
Willard Duthy,Patriots,1997,Steffane Venable,Hi Sargood,Fuscia,Green,9,492
Korie Tompkin,Dragons,1979,Mariejeanne Ashall,Kendal Rose,Red,Teal,10,491
Kerianne Portail,Cardinals,1992,Torey Aubri,Joana Nys,Pink,Mauv,11,490
Mufinella Florence,Athletics,1932,Cherrita Guiot,Ara Petkov,Orange,Mauv,12,489
Morie Marrion,Warriors,1979,Godfree Meineking,Jard Luney,Yellow,Khaki,13,488
Ailee Vance,Chargers,1987,Rebeka Sleightholme,Drake Alsford,Green,Blue,14,487
Rhys MacCleay,Orioles,1940,Hale Moses,Tadeo Tume,Green,Puce,15,486
Lucy Babbidge,Ravens,1927,Kelley Colter,Ody Croucher,Teal,Aquamarine,16,485
Shelby Pettyfer,Rangers,1981,Lynn Crosscombe,Koenraad Skylett,Red,Crimson,17,484
Eugene McGrah,Diamondbacks,1932,Chicky Lockie,Megen Penbarthy,Khaki,Violet,18,483
Tatum Easey,Rams,1992,Darelle Blazy,Pen Varley,Aquamarine,Green,19,482
Robinson Crosoer,Dragons,1962,Amby Elbourn,Berty Tyrie,Orange,Maroon,20,481
Emlen Ca,Rockies,1971,Avie Wedlock,Antonina Lubman,Purple,Aquamarine,21,480
Laurens Noriega,Packers,1998,Koo Aikenhead,Carlina Giberd,Crimson,Yellow,22,479
Wolfie Tubble,Pirates,1996,Marya Tante,Adrianne Corain,Green,Teal,23,478
Golda Petchell,Brewers,1977,Gery Younghusband,Annnora Wherrett,Yellow,Aquamarine,24,477
Sue Swinfen,Cardinals,1957,Brit Semper,Krisha Went,Khaki,Violet,25,476
Charley Pinkard,Marlins,1997,Kaye Rankmore,Oates Junkison,Orange,Teal,26,475
Helli Salzburger,Packers,1935,Elliott Tingley,Lezley Castellet,Yellow,Puce,27,474
Ivar Dunk,Brewers,1939,Meryl Chipman,Flory Florey,Turquoise,Yellow,28,473
Ashia Frisdick,Knights,1976,Rafaelia Fleckness,Frazier Denekamp,Red,,29,472
Ernie Portwaine,Warriors,1946,Boone Newdick,Carolus Berrisford,Violet,Crimson,30,471
Babbie Antram,Steelers,1943,Virginia Seally,Fredric Rolse,Pink,Puce,31,470
Jory Murricanes,Braves,1953,Raychel Le feuvre,Millicent Yve,Puce,Mauv,32,469
Adoree Whorton,Cubs,1935,Lynna Myner,Lisbeth Gaddas,Goldenrod,Goldenrod,33,468
Zeb Sheircliffe,Steelers,1968,Kimmy Rodriguez,Alexei Roches,Blue,Mauv,34,467
Tucker Bartolommeo,Braves,1952,Jessica MacWilliam,Brita Ladlow,Yellow,Indigo,35,466
Anthia Bolsteridge,Cougars,1961,Tabbitha Frederick,Patty Tiffin,Mauv,Turquoise,36,465
Prinz Mintram,Patriots,1998,Chet Dragon,Karisa Sadler,Aquamarine,Crimson,37,464
Holly Cottrell,Marlins,2000,Analise Agglione,Margy Chasson,Puce,Violet,38,463
Viviyan Torrecilla,Brewers,1985,Samaria Beri,Austin Whysall,Turquoise,Teal,39,462
Hope Dachs,Tigers,1936,Nappy Callum,Kristel Aldhous,Turquoise,Red,40,461
Lonny Malham,Blue Jays,1925,Bailey Roze,Penn Audas,Violet,Turquoise,41,460
Staci De Zuani,Cardinals,1955,Judas Beaver,Philippa Simioli,Violet,Blue,42,459
Ruthanne Sketh,Phillies,1932,Harley Dubarry,Kienan Baldinotti,Pink,Red,43,458
Carolyn Dowsey,Bengals,1977,Cello Cattanach,Mikey Liffey,Crimson,Pink,44,457
Georgie Kynton,Eagles,1954,Lindon Amott,Berny Sowerby,Red,Purple,45,456
Boyd Leavey,Diamondbacks,1963,Gabi Croot,Artemis Eakin,Teal,Fuscia,46,455
Ulises Archer,Nationals,1975,Odetta Bagger,Travus Birks,Purple,Blue,47,454
Selie Goodswen,Steelers,1977,Adelaide Delwater,Ashly Lobbe,Pink,Pink,48,453
Gibb Gomersall,Knights,1950,Vita Espinazo,Paolina Exposito,Mauv,Violet,49,452
Marie-ann Gallaher,Bears,1934,Seamus Kainz,Kellsie Coston,Goldenrod,Teal,50,451
Lavinie Dutteridge,Diamondbacks,1924,Hunt Elderbrant,Conan Doveston,Red,Red,51,450
Laural D'Alessandro,Trojans,1982,Sandie Gobolos,Camel O' Mahony,Blue,Pink,52,449
Ogdan Gannaway,Braves,1998,Madeleine Krauss,Guthrey Braunle,Purple,Puce,53,448
Alonso Michie,Spartans,1983,Gennifer MacGrath,Collen Cashell,Green,Maroon,54,447
Thoma Williams,Raiders,1968,Constantine Heath,Charla Peverell,Yellow,,55,446
Miner Bedrosian,Astros,1989,Didi Durie,Katie Shuttell,Goldenrod,,56,445
Garland Penelli,Cubs,1953,Wilden Friend,Darline Muffitt,Orange,Maroon,57,444
Trip Ducker,Cowboys,2002,Federico Webling,Appolonia Duham,Aquamarine,Indigo,58,443
Earl Duham,Dragons,1942,Marie-ann Meddemmen,Yolande Giral,Orange,Aquamarine,59,442
Fletcher Deerr,Angels,2009,Ulric Eversfield,Portie Local,Puce,Pink,60,441
Forrest Maltster,Rattlers,1941,Clem Edgerly,Jan Bucktharp,Green,Indigo,61,440
Rodd Hedman,Mariners,1925,Garik Borel,Emmott Dennidge,Pink,Mauv,62,439
Erina Pidduck,Cubs,1927,Bell Bartolomeoni,Colas Gerring,Pink,Mauv,63,438
Aldwin Fader,Cougars,1945,Helsa Berney,Renado Jerdon,Turquoise,Purple,64,437
Jenn Durtnell,Packers,1988,Pablo Borrows,Sol Renton,Turquoise,Goldenrod,65,436
Wilfrid Kalisch,Angels,1982,Garnet Tebboth,Stevie Mattacks,Maroon,Violet,66,435
Denni Itzchaky,Vipers,2001,Sterne Thurley,Karly Plimmer,Puce,Turquoise,67,434
Jaquelyn Impson,Pythons,1968,Darlene Sandey,Jordana Englishby,Violet,Goldenrod,68,433
Marline Couronne,Giants,1938,Calv Gillman,Glenda Libreros,Indigo,Maroon,69,432
Sally Gittins,Buccaneers,2007,Sybila Handforth,Trudi Torrance,Aquamarine,Teal,70,431
Clemens Voak,Yankees,1993,Blondell Blondin,Tatiania Baudoux,Blue,Purple,71,430
Hendrik Coils,Angels,2000,Karita Zanicchelli,Aimee Rogister,Goldenrod,Aquamarine,72,429
Daphene Smouten,Rams,2007,Pieter Swansborough,Odelia Warbey,Red,Aquamarine,73,428
Ed Dysert,Falcons,2013,Ariadne Ginger,Jeff Legen,Mauv,Yellow,74,427
Ginger Cooley,Orioles,2003,Belicia Palmby,Riva Tedder,Mauv,Teal,75,426
Charil Gilpillan,Astros,1977,Alverta Clell,Allene Lindstedt,Green,Turquoise,76,425
Felecia Corrison,Mariners,1948,Arabelle Dragge,Saundra Burnall,Indigo,Yellow,77,424
Garvin Moughtin,Dolphins,2015,Swen Ormiston,Pennie Arnoult,Goldenrod,Yellow,78,423
Nikolaos Hyndley,Cougars,1997,Krishnah Fransson,Christiane Zannotelli,Aquamarine,Aquamarine,79,422
Rozalie O'Kinneally,Braves,1932,Shaina Islep,Hamilton Reicharz,Mauv,Violet,80,421
Lars Dirand,Braves,1961,Ralph Iveans,Kayle Sponer,Yellow,Red,81,420
Sauncho Sate,Cobras,1961,Gabriel Dolder,Datha Harold,Red,Fuscia,82,419
Merola Bohike,Dragons,1995,Renae Giacomo,Tandy Rickets,Puce,Pink,83,418
Martynne Littledike,Vikings,1985,Alair Capelin,Stanwood Caghan,Fuscia,Red,84,417
Garland Fouracres,Dolphins,1969,Abner Avann,Haze McCall,Fuscia,Violet,85,416
Martyn Dymidowski,Rockies,1988,Rubetta Lampkin,Hayden Rosenboim,Purple,Purple,86,415
Filmer McCafferty,Phillies,2013,Ann-marie Billingsley,Corbie Swyne,Purple,Crimson,87,414
Ardeen Hughson,Bears,1977,Goober Yarnton,Esta Bernocchi,Yellow,Maroon,88,413
Perkin Yukhnevich,Buccaneers,1937,Leoine Stoyell,Marlyn Meeron,Teal,,89,412
Rhonda Coote,Rockies,1986,Clifford Giacopini,Enriqueta Verrall,Violet,Indigo,90,411
Fredek Juggins,Braves,2012,Herold McFadzean,Shalom Harower,Teal,Yellow,91,410
Sianna Irvine,Giants,1998,Margie Newdick,Hieronymus Thomesson,Red,Crimson,92,409
Sibella Doorbar,Angels,1988,Alfie Arnison,Jephthah Grent,Purple,Fuscia,93,408
Adair Langlands,Mets,1986,Fleur Hallford,Ozzy Winckles,Turquoise,Red,94,407
Fidel Peoples,Lions,1948,Marsh Lundbeck,Dana Buckney,Orange,,95,406
Paulie Catford,Packers,1996,Gerhardine Corish,Waneta Binney,Indigo,Maroon,96,405
Nona Basezzi,Reds,2012,Ebenezer ducarme,Floris Jakolevitch,Puce,Green,97,404
Nial Ellings,Pirates,1968,Alisander Moodie,Suzanne Pavolillo,Aquamarine,Pink,98,403
Winslow Stainbridge,Bengals,1987,Shay De Caville,Dulcia Aspinell,Crimson,Red,99,402
Jeniece Green,Buccaneers,1933,Lannie McSweeney,Valera Colebrook,Green,Purple,100,401
Nikaniki Daffern,Knights,1996,Molli Adger,Dallon Worthing,Goldenrod,Violet,101,400
Frasquito Garvie,Bears,1994,Sandie Edmondson,Barbey Dosedale,Blue,,102,399
Heloise Matteoli,Tigers,1939,Wendeline Gladwish,Damaris Moulding,Red,Indigo,103,398
Bil Woodings,Brewers,1976,Teirtza Yurocjkin,Mufinella Benoy,Pink,Orange,104,397
Shae Hornung,Steelers,1957,Aggy Scottini,Stoddard Grimley,Green,Violet,105,396
Ricki Blenkin,Trojans,1998,Gillan Thorby,Federico Connick,Teal,Pink,106,395
Jozef Beaze,Patriots,1943,Zared Edelston,Evania Truelock,Khaki,Violet,107,394
Dalston Dryden,Patriots,1937,Cahra Lundie,Townsend Kemitt,Green,Teal,108,393
Gilligan Guerrazzi,Rattlers,1952,Florenza Boutcher,Neda Layfield,Indigo,Pink,109,392
Ellissa O'Halligan,Brewers,2012,Gordie McCurley,Cass Tolan,Yellow,Red,110,391
Margit Woofendell,Bengals,1925,Steffane Hyder,Hewitt Herche,Red,Orange,111,390
Ase Fiddian,Trojans,1923,Lyon Lewsley,Adelbert Blasiak,Teal,Maroon,112,389
Thorsten Lauks,Pirates,1973,Godfry Sissens,Valera Chaunce,Teal,Orange,113,388
Derek McFadzean,Trojans,1986,Tonye Lamblin,Jase Petett,Yellow,Aquamarine,114,387
Vinny Hatto,Cardinals,1996,Caritta Rosenstengel,Pearle Laurenzi,Goldenrod,Indigo,115,386
Terri-jo Clardge,Bengals,1970,Gwenneth Rosewall,Gratia Benck,Indigo,Yellow,116,385
Genia Caukill,Bulldogs,1938,Dede Glantz,Barbi Di Nisco,Violet,,117,384
Brittani Hanhardt,Athletics,1955,Rodge Woolgar,Dominica Darthe,Fuscia,Red,118,383
Rourke de Guise,Cubs,2014,Quentin Thing,Darius Clissold,Turquoise,Puce,119,382
Ambros Quarrie,Spartans,1932,Tasha Peeter,Yvon Brunsdon,Khaki,Purple,120,381
Hillard Longfield,Angels,1962,Colman Orry,Franny Izat,Orange,Crimson,121,380
Rosella Crossgrove,Buccaneers,1942,Rudd Pilfold,Sol Van Arsdall,Purple,Purple,122,379
Wesley Bridewell,Nationals,2002,Jen Atton,Elena Roloff,Maroon,Orange,123,378
Cordy Gloves,Reds,1999,Cacilia Harry,Tuesday Swansborough,Teal,,124,377
Suzi Rutledge,Orioles,1958,Robby Roussell,Dael Polon,Teal,Fuscia,125,376
Aimil Ilden,Tigers,1924,Ermin Pleuman,Rosabel Chantrell,Violet,Indigo,126,375
Ambrosio Carnall,Rangers,1924,Brynna Tebbet,Rafaello Armstrong,Turquoise,Green,127,374
Osbourne Prigmore,Diamondbacks,1992,Laryssa Ismail,Dwight Gaitung,Mauv,Purple,128,373
Antoine McKiernan,Broncos,1923,Danni Orrey,Gretchen Lathom,Green,Goldenrod,129,372
Jaimie Gillyett,Vikings,2005,Earle Eustes,Fernando Bourchier,Crimson,,130,371
Fredrika Goodlud,Bears,1932,Esme Crauford,Mattheus Blethin,Mauv,,131,370
Elyssa Swinburne,Nationals,1980,Olive Ridhole,Stuart O'Henery,Khaki,Yellow,132,369
Jacquette Izzat,Trojans,1930,Theda Saile,Hillery Spradbery,Violet,Khaki,133,368
Marthena Peevor,Panthers,1967,Eryn McKag,Ilka Chang,Purple,Puce,134,367
Aimee Ridd,Bengals,2000,Petey Strass,Delmar Spellesy,Fuscia,Crimson,135,366
Rae McDarmid,Panthers,1948,Luise Alekseev,Lazarus Hulks,Indigo,Blue,136,365
Charlean Weepers,Buccaneers,1935,Dominic Wildes,Ogden Gladtbach,Red,Purple,137,364
Noemi Kubalek,Cubs,2000,Aridatha Fawson,Garfield Worboy,Aquamarine,Mauv,138,363
Wildon Leat,Bengals,1991,Winston Marian,Madelena Shackesby,Purple,Crimson,139,362
D'arcy Lansbury,Cardinals,1951,Curtice Shilling,Sid Shirrell,Red,Fuscia,140,361
Harwilll Turpie,Rattlers,2015,Dorthea Brunsden,Doroteya Devericks,Indigo,Khaki,141,360
Benedicta Geist,Rays,1951,Tammi Maciocia,Jemmy Yedall,Crimson,Blue,142,359
Kippy Baccup,Bengals,1973,Josh Grancher,Wendi McBain,Pink,Indigo,143,358
Kennie Bilyard,Jets,1990,Kaja Saul,Mickie Sprosson,Teal,Teal,144,357
Goddard Jonson,Trojans,1936,Alex Armand,Mariel Montez,Teal,Turquoise,145,356
Willetta Toffaloni,Buccaneers,1959,Rahel Cale,Max Ruf,Fuscia,Violet,146,355
Manon Miskelly,Wolves,1969,Dermot Blofield,Raddie Yeardsley,Pink,Violet,147,354
Raina Toombs,Packers,1925,Kerrill Philippeaux,Justinian Kira,Khaki,Goldenrod,148,353
Michale Quilter,Giants,1975,Felecia de Broke,Anica Handscombe,Fuscia,Turquoise,149,352
Candy Feehily,Bisons,1972,Wilona Carnson,Alie Crecy,Teal,Orange,150,351
Carla Garshore,Spartans,1936,Gearalt Aronstam,Kerrie Jurasz,Teal,Pink,151,350
Vinita Andreazzi,Falcons,1937,Dennis Tomlinson,Willette Benko,Goldenrod,Fuscia,152,349
Minerva Espino,Cubs,2000,Noel Sheircliffe,Rachelle Doudny,Blue,Aquamarine,153,348
Vanya Burgen,Jets,1961,Tildie Munt,Heloise Brunini,Green,Goldenrod,154,347
Harley Zorzini,Blue Jays,1958,Verney Pocock,Lorena Adkins,Turquoise,Red,155,346
Konstanze Todarini,Hawks,1990,Charil Benedtti,Shaine Rollings,Khaki,Orange,156,345
Meredith Toppas,Panthers,1989,Osborn Bushell,Yankee Fasset,Orange,Green,157,344
Demeter Brettel,Reds,1936,Raoul Stooders,Teirtza Shallcrass,Purple,Puce,158,343
Barnard Bolter,Rattlers,1965,Salome Djurevic,Mac Mill,Turquoise,Khaki,159,342
Thom Sowle,Jets,2010,Cyril Grandin,Darbie Klehn,Fuscia,Aquamarine,160,341
Valli Ambrosch,Giants,1962,Wally Vinson,Andros Santhouse,Blue,Blue,161,340
Sigvard Wallsworth,Phillies,1924,Conway Duckels,Claudetta Chesnay,Goldenrod,Green,162,339
Madalena Streater,Red Sox,2006,Gunner Graveson,Eduino Rubinowitz,Purple,Crimson,163,338
Kerri Turmel,Rockies,1996,Ruy Poate,Clarie Kettleson,Orange,Maroon,164,337
Zorine Gwilt,Pirates,1956,Shirlee Rosenfield,Englebert Revelle,Indigo,Crimson,165,336
Florette Prene,Blue Jays,1940,Vance Lettuce,Roxi Balffye,Mauv,Pink,166,335
Gary Lies,Vikings,1944,Nevil Faithorn,Linnell Titherington,Yellow,Blue,167,334
Marrissa McNirlan,Rams,2011,Gonzalo Caldecott,Annmarie Causbey,Yellow,Goldenrod,168,333
Tim Crampsy,Reds,1956,Christos Mulheron,Calv Perrin,Maroon,Indigo,169,332
Rutherford Schwandt,Chargers,2008,Elvera Tuhy,Hewet Junes,Crimson,Yellow,170,331
Hayyim Yglesia,Phillies,1969,Nerissa Offell,Joelie Mathen,Turquoise,Crimson,171,330
Adelind Ravenscraft,Mets,1930,Fania Ockleshaw,Merridie Rodders,Blue,Goldenrod,172,329
Kaylyn Consadine,Falcons,1995,Joanne Wickmann,Winnie Linnett,Khaki,Green,173,328
Heath Dummett,Ravens,2002,Caitrin Mooring,Roberto Thurlbeck,Khaki,Goldenrod,174,327
Meade Lowle,Tigers,1989,Elvin Precious,Westbrook Arnot,Maroon,Goldenrod,175,326
Warden MacCardle,Patriots,1936,Belle Cappleman,Russell Ethridge,Fuscia,Teal,176,325
Adriane Moreland,Cubs,1947,Langsdon Kohlert,Bevvy Oakman,Aquamarine,Khaki,177,324
Boothe Gude,Trojans,1936,Doroteya Vockings,Taffy Melly,Violet,Purple,178,323
Vicki Durtnall,Astros,2007,Gisela Huton,Neron Rosenfield,Turquoise,Purple,179,322
Robinet Carloni,Vipers,1957,Sigismund Couldwell,Kay Ewens,Goldenrod,Turquoise,180,321
Harley Wrates,Tigers,1941,Matthaeus Hatje,Kizzee Huchot,Yellow,Yellow,181,320
Rochella Dalziell,Rockies,1984,Isiahi Clague,Sheelah Petracco,Violet,Violet,182,319
Zola Chaston,Vikings,1930,Brent Dermot,Meris Pentony,Puce,Turquoise,183,318
Quinta Issit,Rattlers,1992,Dodie Blakeway,Hettie Bagshaw,Green,,184,317
Ambros Dyer,Athletics,1955,Rosamund Denisyev,Gaye Guess,Green,Puce,185,316
Matthew Dupoy,Nationals,1932,Loralie Braycotton,Leelah Butter,Maroon,Purple,186,315
David Basketter,Eagles,1990,Quinton Dowry,Mella Tillard,Blue,Khaki,187,314
Ruthanne Tricker,Yankees,1930,Alex Lamburne,Goldie Semrad,Yellow,Fuscia,188,313
Caresa Ives,Jets,1996,Saxe Tantum,Philipa Chaytor,Indigo,Yellow,189,312
Jannelle Lawrie,Cardinals,1939,Granville Dainter,Care Ellph,Mauv,Aquamarine,190,311
Gwenora Fattori,Mets,1988,Wilburt Flescher,Eugine Boays,Green,Indigo,191,310
Bruno Topley,Nationals,2012,Ninetta Imison,Audrie Starr,Khaki,Crimson,192,309
Dorolice Pringour,Lions,1986,Ward Jerson,Barney Towhey,Yellow,Indigo,193,308
Barnabe Davidou,Rockies,1934,Ranice O'Sharry,Corabelle Grieve,Turquoise,Red,194,307
Alvira Crilly,Diamondbacks,1970,Bessie Bonnesen,Karlie Hanster,Khaki,Purple,195,306
Shelby Salle,Rattlers,1973,Richmond Wisniowski,Erv Liston,Teal,Red,196,305
Davita MacRury,Rays,2002,Tiphany Crennell,Olivette de Lloyd,Teal,Maroon,197,304
Burl McLachlan,Panthers,1931,Harwilll Scraggs,Carmelina Knappitt,Yellow,Teal,198,303
Katerina Spencook,Bulldogs,1995,Arni Winch,Sianna Ottawell,Goldenrod,,199,302
Callida Harrap,Cubs,1934,Jillayne Cornely,Shepherd Gerg,Fuscia,Turquoise,200,301
Sherill Middiff,Rays,1954,Hillel Rembaud,Brandice Sunley,Teal,Khaki,201,300
Corney Dwight,Pythons,1931,Callie Blune,Colin Woofinden,Mauv,Goldenrod,202,299
Mike Davidwitz,Nationals,1994,Camilla Renahan,Wilone Blincoe,Purple,Turquoise,203,298
Hayward Sans,Packers,1976,Allister Critcher,Brina Drake,Violet,Puce,204,297
Zebulon Ritmeier,Pythons,1978,Toma Imeson,Franciska Mathew,Crimson,Puce,205,296
Teresa Shrieve,Rattlers,1975,Carolus Eymor,Sansone Addenbrooke,Khaki,Purple,206,295
Goraud Dibson,Buccaneers,1988,Anastasia Lanphier,Tracy Haycox,Yellow,Green,207,294
Aguie Steckings,Bears,1967,Antonina Kitteman,Rozalie MacDonnell,Purple,Purple,208,293
Ferd Thebes,Hawks,1985,Bianca Pactat,Simona Butterley,Orange,Purple,209,292
Cass Halle,Wolves,1990,Cyrille Agott,Marylinda Lazonby,Fuscia,Pink,210,291
Dyanne Wymer,Marlins,1971,Valida O'Mohun,Celinka Goodhew,Red,Green,211,290
Nestor Jedrasik,Jets,1942,Shandee Cavanaugh,Jehanna Coleshill,Maroon,Indigo,212,289
Ambrosi Gavriel,Athletics,1946,Maurits Blacksell,Vinny Absolom,Indigo,Maroon,213,288
Kym Lipmann,Pythons,2009,Valentin Huglin,Mollie Lantaph,Khaki,Khaki,214,287
Jaine Abeau,Chargers,2003,Koralle Paramore,Romona Uzielli,Pink,Green,215,286
Franky Cometto,Yankees,2005,Van Biss,Noellyn Defau,Indigo,Goldenrod,216,285
Caddric Sharp,Pirates,2007,Cordy Swainston,Myca Bradwell,Aquamarine,Yellow,217,284
Regan Harpur,Phillies,1928,Ingamar Sawdy,Abagael Lowre,Blue,Goldenrod,218,283
Callida Smee,Pythons,1974,Artemis Cheverton,Curry Fyndon,Turquoise,Crimson,219,282
Zorine Klain,Dragons,1987,Boyd Penticoot,Louise Elies,Violet,Yellow,220,281
Mary Jupe,Cowboys,1979,Bernardo Pether,Myriam Rowlson,Turquoise,Teal,221,280
Pace Ceci,Warriors,1941,Sydney Laverty,Isador Viney,Indigo,Fuscia,222,279
Anabel Mordanti,Diamondbacks,1977,Wilhelmina Showl,Staci Muldowney,Red,Green,223,278
Sansone Redparth,Nationals,2012,Jourdain Soigne,Elnore Beere,Pink,Orange,224,277
Aprilette Ainsbury,Rams,2005,Bone Capun,Lora Kippax,Red,Yellow,225,276
Arte Struss,Giants,1945,Valery Caistor,Dawna Kilmaster,Fuscia,Goldenrod,226,275
Grier Daines,Dodgers,1927,Torrance Karpushkin,Vanna Jessett,Green,Crimson,227,274
Jo Kristiansen,Yankees,2006,Wheeler Cronchey,Way Twomey,Teal,Goldenrod,228,273
Darryl Foulser,Vikings,1923,Maybelle Bruford,Loleta Geistbeck,Aquamarine,Pink,229,272
Eben Skynner,Orioles,1990,Agnes Wackett,Ellette McKinless,Turquoise,Goldenrod,230,271
Bendicty MacNish,Chargers,1968,Emmalee Ebertz,Pembroke Bigmore,Pink,Aquamarine,231,270
Betti Kyston,Bears,1978,Constancy Olanda,Meara Hackin,Yellow,Puce,232,269
Annadiane Cressar,Astros,1964,Mollie Farley,Stafani Daudray,Mauv,Turquoise,233,268
Esme Upham,Bulldogs,1955,Yehudi Creany,Cora Cropp,Fuscia,Purple,234,267
Ricki Severwright,Phillies,1955,Olav Meineking,Van Liddicoat,Fuscia,Violet,235,266
Chelsy Murdoch,Hawks,1982,Gael Pitrollo,Virgie Vanner,Goldenrod,Maroon,236,265
Maiga Djurevic,Orioles,1995,Cathe Majury,Dewey Hardcastle,Indigo,Fuscia,237,264
Barri Le Blond,Trojans,2011,Carolina McGiveen,Kittie Needham,Red,Turquoise,238,263
Jilleen Kapelhoff,Bisons,1972,Arnoldo Divell,Timi Pavier,Pink,Teal,239,262
Jeff Schruurs,Vikings,1993,Nestor Runnalls,Justinian Whitehall,Crimson,Green,240,261
Alain Epgrave,Tigers,1946,Cosetta Maffeo,Reeta Basilotta,Fuscia,Turquoise,241,260
Lindy Ledster,Hawks,1999,Ardelia Stanyard,Harlan MacConnel,Fuscia,Aquamarine,242,259
Cesar Keys,Rattlers,1940,Frederico Clackson,Nananne Breadon,Purple,Puce,243,258
Roscoe Daintree,Warriors,1950,Mercy Wedlake,Adriana Clurow,Purple,Khaki,244,257
Kathe Angrove,Giants,1971,Dillie Jacklings,Avie Mellor,Aquamarine,Turquoise,245,256
Nell Abelevitz,Yankees,1938,Yoko MacAskie,Rodie Whybray,Maroon,Purple,246,255
Renaud Chastagnier,Cubs,1934,Gregoire O'Skehan,Thorstein Barnish,Purple,Purple,247,254
Pamela Conradie,Red Sox,1941,Arlinda Puddephatt,Jaimie Blackshaw,Green,Fuscia,248,253
Mufi Billiard,Giants,1962,Meghan Semper,Elysee MacAllister,Mauv,Green,249,252
Izabel Munkley,Padres,1986,Berny Minto,Boot Citrine,Turquoise,Yellow,250,251
Concordia Neylon,Tigers,1931,Cherlyn Bullas,Dena Godon,Khaki,Fuscia,251,250
Sofia MacDirmid,Astros,1969,Reginald Woolvett,Conchita Urpeth,Red,Orange,252,249
Raff Grasha,Eagles,1955,Harli Borsay,Glenine Mockler,Orange,Orange,253,248
Hanny Frushard,Falcons,2013,Kristo Parkyns,Dede Francis,Green,Maroon,254,247
Alexis Harnetty,Marlins,2012,Quillan Scholes,Mellie O'Mailey,Puce,Fuscia,255,246
Adi MacAllister,Vikings,1938,Steffi Biers,Kingsley Norwell,Fuscia,Goldenrod,256,245
Shane Gorvin,Rays,2000,Gelya Meconi,Rosemary Staddon,Green,Puce,257,244
Erma Kennaird,Lions,1944,Chiquia Oakenfall,Rickie Goede,Mauv,Violet,258,243
Ulises Hartington,Nationals,1986,Leroi Fritche,Byrann Weavers,Goldenrod,Aquamarine,259,242
Kassi Bickerdike,Bulldogs,1946,Sybille Parren,Marianne Daventry,Orange,Khaki,260,241
Cedric Tuffs,Marlins,1960,Abbie Vigours,Doyle Montez,Puce,Teal,261,240
Ariadne Dumper,Giants,1936,Mona Peschmann,Erda Karlsson,Goldenrod,Indigo,262,239
Kinny Yurygyn,Orioles,2009,Thebault Heifer,Cari Isakowicz,Orange,Orange,263,238
Anthia Isson,Red Sox,1923,Willard Donovan,Marleen Zanetti,Crimson,Orange,264,237
Gardie Egarr,Giants,1984,Ewart Harteley,Stacy Smaling,Indigo,Mauv,265,236
Zilvia Tout,Chargers,1970,Iggy Aleksahkin,Romona Borles,Indigo,Aquamarine,266,235
Jasmine Siddons,Raiders,1947,Scotti Fortnon,Paxon Malling,Mauv,Crimson,267,234
Dorelia Clowney,Mets,1967,Almeta Paik,Tracey O' Culligan,Indigo,Khaki,268,233
Penrod Saldler,Pirates,1960,Legra Philipot,Angelico Sulter,Pink,Crimson,269,232
Lyssa Handyside,Dodgers,2004,Vera Baskeyfied,Jacenta Dunkirk,Aquamarine,Pink,270,231
Loretta Reese,Panthers,1956,Evania Markovic,Sibylle Headingham,Goldenrod,Maroon,271,230
Lynnell Antrum,Broncos,2000,Chilton Oleszczak,Allx Rivitt,Indigo,Puce,272,229
Lynnett Stampe,Blue Jays,2005,Nancy Thorndycraft,Cammi Charley,Violet,Indigo,273,228
Karol Gutans,Bears,2005,Susi Ridings,Matty Mayhew,Fuscia,Orange,274,227
Anna-maria Tarzey,Bisons,1954,Gill Bridson,Sammy Baptiste,Maroon,Aquamarine,275,226
Aurelia Bottomley,Blue Jays,1971,Madelle Rameaux,Fulvia Beckwith,Turquoise,Yellow,276,225
Murvyn Aldersley,Braves,2006,Humbert Slocombe,Granny Swafield,Violet,Yellow,277,224
Corenda Scolland,Tigers,1965,Sharlene Petz,Conrad Mitchiner,Puce,,278,223
Paola Groveham,Astros,1923,Danya Siemon,Georgetta Speck,Goldenrod,Green,279,222
Oren Rheam,Eagles,1999,Tonye Girkins,Karlene Schurcke,Red,,280,221
Consuelo Allix,Broncos,2007,Elijah Crossthwaite,Mano Brabon,Maroon,Puce,281,220
Artus Mainds,Diamondbacks,1993,Sidnee McCloughen,Elnora Skillett,Khaki,Crimson,282,219
Nora Batterbee,Rattlers,1932,Cassandra Weiss,Sheffy Craigmile,Crimson,Goldenrod,283,218
Vern Zecchini,Cobras,1950,Egor Rathe,Kylen Pawel,Goldenrod,Maroon,284,217
Jaimie Mont,Angels,1980,Marja Watkin,Mitchell Jeyness,Pink,Goldenrod,285,216
Waldemar Ianizzi,Vikings,2003,Mia Wass,Mikkel Belone,Violet,Indigo,286,215
Wendall felip,Cardinals,1985,Bertie Humbey,Kippar Gilliland,Violet,Puce,287,214
Urbain Espinoy,Bears,1989,Ursula Dommett,Pansie Banford,Yellow,Mauv,288,213
Mallorie Rudgard,Mets,1932,Jobye Inggall,Marya Arsnell,Khaki,Crimson,289,212
Ariel Tellenbach,Giants,1940,Mireielle Cowhig,Graig Hickeringill,Turquoise,Turquoise,290,211
Osmund Boffin,Lions,1991,Louis Fox,Sherilyn Ewols,Crimson,Yellow,291,210
Bailie Acklands,Panthers,2014,Wanids Culbert,Cort Brandt,Indigo,Goldenrod,292,209
Danell Mityashev,Cubs,1993,Isac Cochran,Tim Sybe,Orange,Red,293,208
Rickie Alleway,Marlins,2004,Percy Vere,Fred Habble,Pink,Crimson,294,207
Bobinette Dipple,Tigers,1979,Lesley Howley,Sheila Mcsarry,Pink,Crimson,295,206
Cyril Healks,Astros,2005,Grove Mellenby,Everett Jaquet,Goldenrod,Turquoise,296,205
Derward Bound,Hawks,1944,Skipton Mallion,Arda Yeiles,Mauv,Violet,297,204
Kerby Parsall,Yankees,1966,Sandor Edmott,Mattie Botright,Indigo,Pink,298,203
Wilburt Gare,Giants,1949,Iggie Beaver,Friedrick Howgill,Puce,Mauv,299,202
Ethelin Beuscher,Hawks,1930,Marcellina Steiner,Benoit Denecamp,Purple,Blue,300,201
Susanne McGillivrie,Trojans,1960,Elysee Dayton,Rosaleen Wornum,Red,Blue,301,200
Shela Westoll,Pirates,1949,Petronella Pilmer,Kipper Girardin,Green,Fuscia,302,199
Dasya Kornilov,Rockies,1933,Carlie Forster,Robenia Bound,Indigo,Turquoise,303,198
Layney Santello,Chargers,2003,Hyacinthe Moehler,Reube Navarre,Crimson,Violet,304,197
Kippie Schaffel,Pythons,1999,Kandy Roscow,Sanders Warder,Khaki,Violet,305,196
Edie Gleder,Nationals,2008,Lind Rippingale,Arlin Densell,Red,Red,306,195
Barnabas Cornfield,Steelers,1958,Augustina Dri,Kingsley Zaczek,Orange,Mauv,307,194
Syman Cosbee,Dragons,1940,Yasmin Marron,Darb Methingam,Teal,Maroon,308,193
Rod Hasson,Buccaneers,1977,Philis Kealey,Fletch Grim,Indigo,Mauv,309,192
Robinet Jaskowicz,Rams,1953,Simeon Benbough,Sauveur Gossop,Fuscia,Pink,310,191
Edvard Sherrell,Vikings,1960,Nessie Ewles,Jasmine Ghion,Blue,Goldenrod,311,190
Sammie Girodier,Spartans,1998,Angel Guage,Webb Battrum,Teal,Orange,312,189
Earl Karsh,Packers,1977,Jedd Nicely,Urban Swash,Puce,Red,313,188
Steffie Berriball,Rangers,1997,Lorette Thorsby,Burlie Meaker,Teal,Puce,314,187
Mickie Ciccone,Lions,1991,Marice O'Flaverty,Ellyn Dawson,Fuscia,Puce,315,186
Guthrie Hillburn,Broncos,1979,Lotte Beaument,Deeanne Brevitt,Turquoise,Crimson,316,185
Algernon Huglin,Mets,1984,Sinclair Petroselli,Bertrando Aggett,Goldenrod,Maroon,317,184
Jim Ivanchov,Angels,1942,Jayme Georgins,Cathleen Stoppard,Fuscia,Mauv,318,183
Merci Grabert,Mariners,1984,Harry Olensby,Chiquita Serrell,Violet,Red,319,182
Hallsy Elsdon,Padres,1998,Korrie Wynett,Celle McCaskill,Green,Aquamarine,320,181
Beaufort Skeath,Steelers,1995,Cinderella Chritchlow,Nevins Barham,Blue,Blue,321,180
Annadiane Byham,Steelers,1996,Jedediah Vinten,Tamar Jermey,Teal,Violet,322,179
Diann Sommerville,Cardinals,1979,Glyn Beddie,Wainwright Tubridy,Indigo,Goldenrod,323,178
Kristos Harteley,Dolphins,1989,Becki Reynoldson,Stacy Venediktov,Crimson,Teal,324,177
Brita Fouracres,Pirates,1974,Brianne Kenworthy,Sigrid Dannatt,Aquamarine,Goldenrod,325,176
Glenden Profit,Spartans,1942,Zackariah Wittrington,Isidore Quinby,Crimson,Aquamarine,326,175
Brnaba Wain,Jets,1926,Lucienne Swafford,Dorri Duncanson,Yellow,Crimson,327,174
Ardene Duley,Nationals,1923,Frayda Rassmann,Marlowe Behnen,Yellow,Khaki,328,173
Elfrieda Eddy,Trojans,1944,Paula Muris,Kakalina Sijmons,Goldenrod,Aquamarine,329,172
Theda Filipychev,Ravens,1982,Briny Peebles,Arlee Conibear,Turquoise,Fuscia,330,171
Nessie Rann,Wolves,1930,Gerome Flury,Abigail Lathleiffure,Turquoise,Red,331,170
Tucker Greeson,Cowboys,1929,Dorey Fidele,Caralie Player,Fuscia,Turquoise,332,169
Burk Girardy,Packers,1944,Star Thornham,Lila Hartfield,Khaki,Maroon,333,168
Filip Gashion,Braves,1996,Matty Staig,Ric Aleksashin,Khaki,Indigo,334,167
Gill Everiss,Cobras,1974,Xylina Jorcke,Zsazsa Lomis,Maroon,,335,166
Boyce Kenny,Rangers,2007,Armin Cridlin,Clerkclaude Coleshill,Aquamarine,Turquoise,336,165
Crissy Ferrarotti,Marlins,2015,Peggi Vedenichev,Ebonee Goodlatt,Turquoise,Yellow,337,164
Denna Slatford,Dolphins,1983,Hendrik Merrifield,Rice Shawyer,Yellow,Blue,338,163
Lacy Durling,Rockies,1990,Chevy Sowersby,Wrennie Rothchild,Crimson,Purple,339,162
Orland Nelane,Marlins,1931,Nikolaos Lebbern,Vicki Delgadillo,Aquamarine,Maroon,340,161
Jacenta Diche,Yankees,1944,Udell Buscombe,Will Llewhellin,Maroon,Blue,341,160
Cash Wyllcocks,Mariners,1934,Nanci Bovey,Mavis Girardi,Fuscia,Green,342,159
Barde Dungey,Dodgers,1997,Lenora Guerreru,Nerita Bough,Red,Puce,343,158
Pierce Ausiello,Mariners,2015,Dalston Canning,Kerrin Scarman,Khaki,Blue,344,157
Lind Kliner,Pirates,1952,Charyl Desantis,Kittie Gorhardt,Mauv,Teal,345,156
Noelani Forte,Dolphins,1958,Zebulon Sullens,Benedicta Bacop,Teal,Orange,346,155
Genna Pearlman,Rams,2009,Willi Stoller,Catha Hassard,Puce,Crimson,347,154
Cynthy Haggath,Vipers,1934,Wilfrid Truelove,Aarika Ivanovic,Pink,Maroon,348,153
Gibbie Sillars,Jets,1984,Con Petracek,Valery Hallewell,Aquamarine,Teal,349,152
Alexi Devonald,Bisons,1995,Sarina Gatland,Cross Congdon,Fuscia,Khaki,350,151
Theresita Spellacey,Red Sox,1988,Clea Nazareth,Julio Heare,Orange,Yellow,351,150
Gerald Comizzoli,Bears,2008,Terry Power,Nicko Swyndley,Turquoise,Fuscia,352,149
Tann Applewhaite,Falcons,1962,Berke Cowlin,Gay Copcote,Yellow,Red,353,148
Tabbitha Bygrave,Braves,1992,Mirelle Easton,Mimi Beagley,Orange,Yellow,354,147
Iorgo Quayle,Patriots,2010,Aharon Reen,Hilda McGinney,Yellow,Green,355,146
Addison Roser,Nationals,1999,Sutherland Hully,Burke Hullot,Purple,Turquoise,356,145
Junette Bridell,Trojans,1968,Reinaldos Hurlin,Fidel Morrice,Turquoise,,357,144
Reilly Knolles-Green,Diamondbacks,1983,Roscoe Lucas,L;urette Zini,Khaki,Fuscia,358,143
Fawne Chisman,Spartans,2004,Ros Cheesworth,Rickard Joincey,Yellow,,359,142
Liliane Salamon,Packers,2000,Nikos Railton,Nanette Crichton,Crimson,Aquamarine,360,141
Weylin Canete,Vipers,1923,Annecorinne Greves,Lamar Wilkowski,Aquamarine,,361,140
Darcey Louisot,Jets,1982,Magdalena Sharman,Tadd Petegrew,Teal,Maroon,362,139
Mariejeanne Joncic,Brewers,1986,Donella Vaun,Claude Handslip,Pink,Crimson,363,138
Doretta Penson,Steelers,1962,Jackelyn Deniskevich,Pate Ivery,Violet,Fuscia,364,137
Bennie Jerdein,Packers,1951,Prisca Pride,Major Sketh,Puce,Maroon,365,136
Cullin Willeman,Cubs,1993,Callie St. Clair,Merilee Charlin,Aquamarine,Goldenrod,366,135
Ericha Kendell,Dragons,2000,Madelle Spikins,Ken Gildersleaves,Crimson,Green,367,134
Oneida Gutch,Jets,1980,Sascha Hadaway,Parrnell Rozzier,Maroon,Blue,368,133
Tommie Mines,Rangers,1946,Phylys Coggeshall,Lindy Cristoforo,Turquoise,Blue,369,132
Claudio Diglin,Eagles,1964,Wileen Bompas,Merv O'Hogertie,Pink,Maroon,370,131
Bel Liptrot,Lions,1950,Laurie Denford,Hermann Roycroft,Pink,Turquoise,371,130
Ambrosi Gaitone,Yankees,1963,Roosevelt Pestor,Nickolai Freeborn,Puce,Mauv,372,129
Waiter Bearman,Rams,1968,Johnathan Maulin,Melantha Huniwall,Blue,Aquamarine,373,128
Willie Standidge,Steelers,1929,Kathrine Matschek,Emmet Toleman,Khaki,,374,127
Neville Carnock,Wolves,1977,Evania Briar,Benedicta Thorald,Aquamarine,Purple,375,126
Allie Hagstone,Steelers,1986,Simmonds Sall,Jeno Pattillo,Mauv,Aquamarine,376,125
Onfre Camilleri,Wolves,2008,Roxana Rodson,Emmett Rapps,Pink,Green,377,124
Kaleena Dibb,Cobras,1983,Myron Ditty,Fanechka Kenan,Maroon,,378,123
Kelly Hincham,Dolphins,1997,Laurena Cosins,Lester Pughe,Crimson,,379,122
Garth Antonchik,Reds,1929,Reynold Heathorn,Alfred Allender,Blue,Green,380,121
Izabel Somerfield,Athletics,1923,Noel Phillimore,Arleta Fugere,Crimson,,381,120
Brodie Flewitt,Dodgers,1928,Mandel Bernakiewicz,Sybille Killick,Goldenrod,Green,382,119
Perceval Philippon,Cowboys,1975,Ardenia Mersh,Roxine Benninger,Mauv,Orange,383,118
Spencer Manginot,Packers,1925,Alan Boxall,Latrena Braben,Blue,Maroon,384,117
Hallie Rodrigues,Ravens,1933,Georgiana Veivers,Jephthah Aujean,Fuscia,Crimson,385,116
Maible Tanti,Cowboys,1972,Francois Rizzardi,Tammy de Pinna,Pink,Goldenrod,386,115
Bat Pratley,Braves,1974,Hew Arnison,Franni Priddie,Violet,Teal,387,114
Alfonse Rameaux,Warriors,1958,Wendye Hallock,Ludwig Cheston,Puce,Yellow,388,113
My Minerdo,Red Sox,1956,Marguerite Robke,Herculie Lysons,Red,Goldenrod,389,112
Shaina Spadeck,Patriots,1977,Pearla Heindle,Dorine Rodenhurst,Fuscia,Aquamarine,390,111
Ardisj Howsego,Raiders,1995,Elga Wallett,Jdavie Tabourier,Green,Goldenrod,391,110
Dede Lared,Jets,1957,Royal Judkin,Garner Pennone,Puce,Orange,392,109
Tobe Bockman,Tigers,1978,Jethro Weson,Rutherford Megainey,Violet,Goldenrod,393,108
Gonzales Brasher,Cardinals,2002,Beverlie Chipping,Erv Brundrett,Orange,Red,394,107
Berty Aspey,Bengals,1997,Portia Effaunt,Jillene Jasik,Maroon,Pink,395,106
Casie Cottom,Steelers,1954,Dominique Windley,Rebekkah Rigts,Crimson,Fuscia,396,105
Joby Oxtarby,Rams,1985,Del Copcote,Gusta Braiden,Mauv,Purple,397,104
Aldo Khidr,Red Sox,1941,Wynn Convery,Morley Curtain,Aquamarine,Blue,398,103
Salomon Chidzoy,Raiders,1960,Celestine Eckert,Cammy Bysouth,Goldenrod,Aquamarine,399,102
Shantee Girke,Mets,2001,Katrine Murcott,Rani Parncutt,Puce,Teal,400,101
Shelagh Deroche,Rays,1952,Olympie Steely,Teddie Drake,Turquoise,Violet,401,100
Sheila Goch,Red Sox,2013,Brigham Spence,Harriette Melanaphy,Blue,,402,99
Rolland Danhel,Marlins,2002,Olympe Laffranconi,Modestine Housecroft,Violet,Crimson,403,98
Cassaundra Lowdiane,Raiders,2007,Carce Krystek,Celestina Bradock,Pink,Puce,404,97
Terrence Bradneck,Yankees,1933,Bartlet Emerine,Lurlene Ballin,Blue,Maroon,405,96
Serena Woodnutt,Pirates,1995,Ryun Pattini,Jacques Carvilla,Aquamarine,Khaki,406,95
Laverna Lumbers,Marlins,2009,Deeyn Ashbey,Dalton Fleckness,Red,Blue,407,94
Issiah Stanbra,Bengals,1930,Marlon Vernalls,Weidar Jewsbury,Red,Red,408,93
Care Coutts,Yankees,2009,Willamina Crossland,Cosmo Foulis,Blue,Goldenrod,409,92
Herby Leguey,Cardinals,1972,Paige Passby,Verge Roscher,Fuscia,Maroon,410,91
Lurette Kobieriecki,Eagles,1988,Bobinette Gaize,Frederich Grugerr,Teal,Orange,411,90
Elizabeth Crumly,Dragons,1923,Brade Rodenburgh,Clarabelle Bacchus,Indigo,Turquoise,412,89
Audra Boich,Tigers,1930,Eric Pethybridge,Karla Albisser,Red,Red,413,88
Gayle Grodden,Rattlers,1929,Pip Hammarberg,Zitella Rushworth,Green,Indigo,414,87
Cthrine Mounce,Warriors,1988,Trixy Weben,Tybi Courtman,Maroon,Fuscia,415,86
Milton Stribling,Vikings,1993,Babara Corington,Thedric Cunde,Red,Aquamarine,416,85
Anni Frankum,Falcons,1990,Jarvis Quartly,Edgardo Pickthorn,Aquamarine,Teal,417,84
Gerri Oakland,Dragons,1962,Murdock Drinkall,Ava Lowen,Yellow,Pink,418,83
Shea Whiskin,Rockies,1963,Ethelyn Heddon,Ofelia Silman,Pink,Puce,419,82
Teodoor Bearward,Diamondbacks,1982,Mayer Izhaky,Car Dumphries,Turquoise,Purple,420,81
Geraldine Wolfenden,Tigers,1995,Issie Fiorentino,Trumann McNirlan,Mauv,Aquamarine,421,80
Sibelle Hasslocher,Hawks,1931,Vinny Tiernan,Zenia Mongan,Blue,Pink,422,79
Glendon Rubke,Vikings,1936,Gale Mathwen,Iolanthe Petyanin,Yellow,Puce,423,78
Townie Gadson,Orioles,1985,Leesa Stanborough,Kelley Gorrick,Goldenrod,Indigo,424,77
Austin Arnow,Steelers,1928,Bonny Muffitt,Parker Stealy,Indigo,Turquoise,425,76
Kleon Whitechurch,Dodgers,1980,Sinclare Hauxley,Neil Cronk,Teal,Khaki,426,75
Koo Rudman,Marlins,1931,Carmela Bosence,Carter Lemmer,Orange,Mauv,427,74
Goddart Kitchinham,Cardinals,1936,Xenia Firman,Onofredo Neubigging,Indigo,Mauv,428,73
Bobby Pears,Broncos,1940,Maddie Mosedall,Gualterio Onians,Crimson,Maroon,429,72
Bart McCard,Wolves,2015,Cortie Dawdary,Concettina Reap,Violet,Maroon,430,71
Hilary Wallentin,Padres,1970,Sunny Waggitt,Amie Francklyn,Orange,Aquamarine,431,70
Andra Ciabatteri,Padres,1954,Ricard Guillotin,Gerrilee Hammond,Red,Puce,432,69
Franny Crampsey,Vipers,1979,Dominica Callander,Ichabod Huc,Indigo,Yellow,433,68
Cam Milsap,Vipers,1930,Minna Pearl,Berty Coy,Pink,Aquamarine,434,67
Sibyl Allone,Raiders,1976,Pincus Brookesbie,Korrie Gower,Pink,Red,435,66
Rea McWhin,Rangers,2012,Rahel Presnall,Maximilian McGarvey,Pink,,436,65
Ber Benford,Steelers,1951,Joanna Wells,Barn Melpuss,Puce,Orange,437,64
Fayre Lyfield,Athletics,1983,Antonin Rae,Reube Casiero,Orange,Maroon,438,63
Francois Tomaszynski,Dolphins,2011,Brenn Gowan,Damon Ottee,Red,Red,439,62
Ludwig Beeching,Vipers,1977,Isahella Djorvic,Sioux Janeczek,Pink,Green,440,61
Madelin Scawen,Blue Jays,1990,Gisela Kunc,Lilas Chadwyck,Goldenrod,Indigo,441,60
Herbie Vosper,Rangers,2010,Mel Keemar,Bank Ambridge,Yellow,,442,59
Tammy Chesshire,Cardinals,1967,Jess Zecchi,Elfie Scaysbrook,Violet,Aquamarine,443,58
Bobbye Dosdell,Bulldogs,2014,Dion Gyer,Gratia Stuckow,Violet,Maroon,444,57
Neilla McNaught,Bulldogs,2007,Juieta Ingon,Lena Munnery,Maroon,Violet,445,56
Hartley Philipps,Trojans,1946,Cad Lindgren,Arel Tinton,Mauv,Orange,446,55
Tymon Tarney,Reds,1976,Willi Hairon,Zolly Surman-Wells,Aquamarine,Fuscia,447,54
Ivar Melwall,Brewers,1968,Carine Ovanesian,Ivette Sartin,Puce,Aquamarine,448,53
Anne Fatkin,Red Sox,2003,Avery Quinn,Terence Malcher,Fuscia,Mauv,449,52
Kizzee Crosier,Bisons,1942,Corey Absolon,Elvin Borless,Blue,Teal,450,51
Whit Courtliff,Reds,1940,Kathye Butner,Juana O'Reilly,Orange,Yellow,451,50
Winni Broadbridge,Pirates,2014,Warden Songust,Miner Leggitt,Purple,Yellow,452,49
Gusty Correa,Trojans,2009,Jemmie Leachman,Sherlock Onele,Turquoise,,453,48
Junette Achrameev,Mets,1964,Virgilio Deyenhardt,Briney Matyukon,Blue,Puce,454,47
Eldredge Dalrymple,Rattlers,2005,Kerrill Woonton,Arlin Chaffer,Pink,Teal,455,46
Morgen Redwood,Diamondbacks,1961,Morgen Egginson,Mariele Ledbury,Mauv,Pink,456,45
Yolanthe Gaskal,Nationals,1970,Dannye Bourhill,Clary Dahmke,Yellow,Red,457,44
Isidore Salleir,Packers,1983,Morten Nayer,Fernando Bodham,Aquamarine,Purple,458,43
Buffy Gatheridge,Dragons,1948,Zolly Lintott,Davidde Golde,Violet,Turquoise,459,42
Marcus Palleske,Bears,1927,Murdock Darrigone,Errick Endley,Aquamarine,,460,41
Vonnie Luckcuck,Broncos,1987,Abra Mcsarry,Janeva Hubber,Yellow,Turquoise,461,40
Hanson Marland,Hawks,1930,Dalt Livezey,Amalie Tuxwell,Fuscia,Violet,462,39
Kaylil Lowerson,Phillies,2007,Rurik Caustick,Erminie Thompson,Yellow,Khaki,463,38
Cece Farncombe,Pirates,1985,Derrik Dudny,Jase Heditch,Fuscia,Violet,464,37
Carny Karolczyk,Cubs,2003,Algernon Serjeantson,Marin De la Barre,Crimson,Aquamarine,465,36
Pasquale Watkins,Reds,1980,Thorvald Ruckhard,Trenna Ledrane,Violet,Indigo,466,35
Artemas Emanuelov,Eagles,1961,Noll Ayscough,Connor Huffa,Purple,Crimson,467,34
Cele Brahams,Rockies,1952,Zandra Allso,Geri Dornin,Indigo,Turquoise,468,33
Albert Pinxton,Dodgers,1946,Sayers Greser,Mathilde Porcas,Pink,Maroon,469,32
Joya Brocklehurst,Vipers,1961,Trisha Lages,Benetta Dell Casa,Purple,Pink,470,31
Edward Clemanceau,Giants,1956,Kane Albro,Starr Bernon,Turquoise,Green,471,30
Odelle Perkin,Wolves,2012,Nanon Bellee,Melisse Verlinden,Yellow,Pink,472,29
Kessiah Cranton,Knights,1946,Maribeth Bennellick,Giralda Butterfield,Yellow,,473,28
Gerri Careless,Rockies,2001,Jerome Bocking,Raff Tidridge,Turquoise,Fuscia,474,27
Clemente Hughes,Trojans,1982,Hetti Hallward,Gretchen Stratz,Red,Red,475,26
Jerrine Bruhn,Phillies,1982,Kathleen Boot,Zandra Pinchon,Goldenrod,Aquamarine,476,25
Silvie Cammocke,Diamondbacks,1959,Osgood Trousdale,Amy Lantaff,Aquamarine,,477,24
Jae Arkow,Rockies,1936,Hilda Fenck,Dave Pappi,Khaki,Red,478,23
Cesaro Sire,Cardinals,1973,Curry Davie,Beth Figliovanni,Blue,Teal,479,22
Estelle Surpliss,Rangers,1977,Kizzee Burry,Melvin Swarbrick,Pink,Red,480,21
Skipton Cowsby,Lions,2001,Dorothee Tomsu,Adler Cahalin,Mauv,Red,481,20
Cleo Sirman,Vikings,1968,Madelene Ouchterlony,Samuele Dorrian,Red,,482,19
Fayina Northing,Bears,2010,Alison Tarr,Aurthur Rivelin,Aquamarine,Khaki,483,18
Audra Powis,Padres,2007,Diahann Drewry,Sidonia Delepine,Green,Indigo,484,17
Jacquelynn Gunton,Bengals,2014,Lucy Dallewater,Rowan Olsson,Khaki,Crimson,485,16
Lucienne Stemson,Hawks,1946,Ingra Donneely,Silas Creeboe,Pink,Yellow,486,15
Simon Dmitriev,Phillies,1934,Arturo Nutton,Roldan Fontelles,Blue,,487,14
Averell Larose,Rays,1946,Waneta Macknish,Jeffry Gilbertson,Aquamarine,Green,488,13
Lesli O' Timony,Braves,2003,Lonee Stanistreet,Shanan Smallacombe,Crimson,Crimson,489,12
Jackie Semarke,Bisons,1940,Arel Aldersea,Berna Normanton,Indigo,Pink,490,11
Malanie McCrow,Warriors,1953,Jim Kiddle,Marleen Goldsbrough,Orange,Khaki,491,10
Donall Fortye,Broncos,1971,Adina Glason,Tait Durdy,Goldenrod,Blue,492,9
Franny Dack,Padres,1927,Faun Scrimshire,Trudy Brudenell,Maroon,Aquamarine,493,8
Dagmar Thomton,Rays,1932,Cazzie McCarlich,Alisander Ximenez,Red,Maroon,494,7
Josselyn Blueman,Pirates,1959,Chandal Whiffen,Licha Docharty,Mauv,Pink,495,6
Nessie Stansell,Angels,1964,Alyda Fritche,Kaycee Benge,Violet,Turquoise,496,5
Leora Hurworth,Diamondbacks,1944,Vally Haddy,Chrissy Poyntz,Purple,Pink,497,4
Isaiah Andrivot,Broncos,1940,Kizzee Bootell,Thorsten Dodimead,Crimson,Pink,498,3
Nance Gorrick,Mets,1940,Marika Scutter,Con Cadding,Yellow,Mauv,499,2
Cherise Grinyakin,Rams,1968,Gustavus Brockwell,Amalita Arsey,Pink,Teal,500,1
